"Test environment","Item","Modify time","Description"
win,Compile,2025-5-24,
win,Package,2025-5-24,
win,Execute,2025-5-24,
win,Language,2025-5-24,
win,Functions,2025-5-24,
win,Upgrade,2025-5-24,
win,Install,2025-5-24,
linux,Compile,2025-5-24,
linux,Package,2025-5-24,
linux,Execute,2025-5-24,
linux,Language,2025-5-24,
linux,Functions,2025-5-24,
linux,Upgrade,2025-5-24,
linux,Install,2025-5-24,
mac,Compile,2025-5-24,
mac,Package,2025-5-24,
mac,Execute,2025-5-24,
mac,Language,2025-5-24,
mac,Functions,2025-5-24,
mac,Upgrade,2025-5-24,
mac,Install,2025-5-24,
