Test Environment,Item,Modify Time,Description
win,Compile,2025-3-30,
win,Package,2025-3-30,
win,Execute,2025-3-30,
win,Language,2025-3-30,
win,Functions,2025-3-30,
win,Upgrade,2025-3-30,
win,Install,2025-3-30,
linux,Compile,2025-3-30,
linux,Package,2025-3-30,
linux,Execute,2025-3-30,
linux,Language,2025-3-30,
linux,Functions,2025-3-30,
linux,Upgrade,2025-3-30,
linux,Install,2025-3-30,
mac,Compile,2025-3-30,
mac,Package,2025-3-30,
mac,Execute,2025-3-30,
mac,Language,2025-3-30,
mac,Functions,2025-3-30,
mac,Upgrade,2025-3-30,
mac,Install,2025-3-30,
